Model,MAE,RMSE,R2,Within15
Baseline,10.167888641357422,22.357176773275384,0.5110340118408203,31.955275525486755
+ Centrality,10.01439380645752,21.848560332961227,0.5330284833908081,32.22382895212519
+ Centrality + Node2Vec,9.947583198547363,21.503106890796765,0.5476785898208618,32.50012911222434
+ Centrality + N2V + GraphSAGE(unsup),9.965715408325195,21.222515687805267,0.5594061613082886,32.35035893198368
+ Cent + N2V + SAGE + SupervisedSAGE,9.894366264343262,20.51964762662125,0.5881069302558899,32.40458606620874
