{"total_facilities": 1588, "total_corridors": 2496, "total_shipments": 140474, "sla_breach_rate": 84.29354876754334, "baseline_mae": 10.167888641357422, "final_mae": 9.894366264343262, "graph_advantage_mae": 0.27352237701416016, "within_15_improvement": 0.4493105407219886}